INSERT INTO countries(id, name) VALUES
('01', 'Peru'),
('02', 'Estados Unidos'),
('03', 'Colombia'),
('04', 'Ecuador'),
('05', 'Bolivia'),
('06', 'Chile'),
('07', 'Venezuela'),
('08', 'Brazil'),
('09', 'Mexico'),
('10', 'Panamá'),
('11', 'Uruguay'),
('12', 'Suiza'),
('13', 'Finlandia'),
('14', 'Nigeria'),
('15', 'Inglaterra'),
('16', 'Alemania'),
('17', 'España'),
('18', 'Portugal'),
('19', 'Paraguay'),
('20', 'Canadá'),
('21', 'Italia'),
('22', 'Francia'),
('23', 'Cuba'),
('24', 'Republica Dominicana'),
('25', 'Argentina');

INSERT INTO states(id,name, country_id) VALUES
('0101','Lima','01'),
('0102','Ica','01'),
('0103','Ancash','01'),
('0104','Arequipa','01'),
('0105','Cusco','01'),
('0106','Madre de Dios','01'),
('0107','Loreto','01'),
('0108','Tacna','01'),
('0109','Lambayeque','01'),
('0110','La Libertad','01'),
('0111','Apurímac','01'),
('0112','Junín','01'),
('0113','Amazonas','01'),
('0114','Tumbes','01'),
('0115','Puno','01'),
('0116','Cerro de Pasco','01'),
('0117','Ayacucho','01'),
('0118','Huánuco','01'),
('0119','Ucayali','01'),
('0120','Moquegua','01'),
('0201', 'Washington','02'),
('0202', 'Florida','02'),
('0203', 'Texas','02'),
('0204', 'Nueva York','02'),
('0205', 'Virginia','02'),
('0206', 'Pensilvania','02'),
('0207', 'Oregón','02'),
('0208', 'Michigan','02'),
('0209', 'Nueva Jersey','02'),
('0210', 'Ohio','02'),
('0211', 'Kentucky','02'),
('0212', 'Misisipi','02'),
('0213', 'Wisconsin','02'),
('0214', 'Georgia','02'),
('0301','Bogotá','03'),
('0401','Quito','04'),
('0501','Sucre','05'),
('0601','Santiago de Chile','06'),
('0701','Caracas','07'),
('0801','Brasilia','08'),
('0901','Ciudad de Mexico','09'),
('1001','Ciudad de Panamá','10'),
('1101','Montevideo','11'),
('1201','Berna','12'),
('1301','Helsinki','13'),
('1401','Abuya','14'),
('1501','Londres','15'),
('1601','Berlín','16'),
('1701','Madrid','17'),
('1801','Lisboa','18'),
('1901','Asunción','19'),
('2001','Ottawa','20'),
('2101','Roma','21'),
('2201','París','22'),
('2301','La Habana','23'),
('2401','Santo Domingo','24'),
('2501','Buenos Aires','25');   

INSERT INTO cities(id, name, state_id) VALUES
('010101','Lima','0101'),
('020101','Seattle','0201'),
('030101','Santa Fe','0301'),
('040101','Calacali','0401'),
('050101','Chalán','0501'),
('060101','Santiago de Chile','0601'),
('070101','Chacao','0701'),
('080101','Brasilia','0801'),
('090101','Ciudad de Mexico','0901'),
('100101','Ciudad de Panamá','1001');

INSERT INTO streets(id, name, city_id) VALUES
('01010101','Av. José Larco, Miraflores 15074','010101'),
('02010101','537 James St','020101'),
('03010101','Calle 23 1565','030101'),
('04010101','Juan Jose Flores 123','040101'),
('05010101','Calle 8 231','050101'),
('06010101','Avenida Antofagasta 3262','060101'),
('07010101','Avenida Fuerzas Armadas 981','070101'),
('08010101','Q 20 Conjunto N 911','080101'),
('09010101','Calle Juan A Gutiérrez 6543','090101'),
('10010101','Calla el Opalo 971','100101');